代碼,ROE_5Y,EPS_5Y,毛利率_5Y,現金殖利率,正負樣本,備註
1806,-1.45,-0.23,23.22,7.62,0,"ROE_5Y <= 10.035, 現金殖利率 >= 5.045, 毛利率_5Y >= 20.335"
4916,3.93,1.53,20.8,5.45,1,"ROE_5Y <= 10.035, 現金殖利率 >= 5.045, 毛利率_5Y >= 20.335"
1463,9.71,1.33,28.09,8.09,1,"ROE_5Y <= 10.035, 現金殖利率 >= 5.045, 毛利率_5Y >= 20.335"
3041,-9.71,-1.52,30.64,8.2,0,"ROE_5Y <= 10.035, 現金殖利率 >= 5.045, 毛利率_5Y >= 20.335"
1532,8.01,2.47,25.18,5.63,1,"ROE_5Y <= 10.035, 現金殖利率 >= 5.045, 毛利率_5Y >= 20.335"
2527,7.3,2.45,37.7,7.56,1,"ROE_5Y <= 10.035, 現金殖利率 >= 5.045, 毛利率_5Y >= 20.335"
1338,6.78,5.62,24.05,6.63,1,"ROE_5Y <= 10.035, 現金殖利率 >= 5.045, 毛利率_5Y >= 20.335"
1432,-16.24,-1.41,73.41,6.3,0,"ROE_5Y <= 10.035, 現金殖利率 >= 5.045, 毛利率_5Y >= 20.335"
4942,8.64,4.39,22.1,6.31,1,"ROE_5Y <= 10.035, 現金殖利率 >= 5.045, 毛利率_5Y >= 20.335"
1540,3.83,0.64,22.37,5.1,1,"ROE_5Y <= 10.035, 現金殖利率 >= 5.045, 毛利率_5Y >= 20.335"
2545,9.43,3.22,38.8,7.04,1,"ROE_5Y <= 10.035, 現金殖利率 >= 5.045, 毛利率_5Y >= 20.335"
1316,4.27,0.66,23.2,5.41,1,"ROE_5Y <= 10.035, 現金殖利率 >= 5.045, 毛利率_5Y >= 20.335"
3376,8.93,6.63,23.49,5.05,1,"ROE_5Y <= 10.035, 現金殖利率 >= 5.045, 毛利率_5Y >= 20.335"
4943,-10.08,-0.59,27.79,16.12,0,"ROE_5Y <= 10.035, 現金殖利率 >= 5.045, 毛利率_5Y >= 20.335"
9912,-4.54,-0.44,32.47,18.33,0,"ROE_5Y <= 10.035, 現金殖利率 >= 5.045, 毛利率_5Y >= 20.335"
8039,9.69,3.4,21.95,6.07,1,"ROE_5Y <= 10.035, 現金殖利率 >= 5.045, 毛利率_5Y >= 20.335"
8473,5.82,2.13,22.43,6.17,1,"ROE_5Y <= 10.035, 現金殖利率 >= 5.045, 毛利率_5Y >= 20.335"
4562,-1.65,-0.15,30.95,7.84,0,"ROE_5Y <= 10.035, 現金殖利率 >= 5.045, 毛利率_5Y >= 20.335"
2536,4.09,1.45,27.4,6.03,1,"ROE_5Y <= 10.035, 現金殖利率 >= 5.045, 毛利率_5Y >= 20.335"
4564,9.51,2.19,28.8,6.0,1,"ROE_5Y <= 10.035, 現金殖利率 >= 5.045, 毛利率_5Y >= 20.335"
2501,7.55,1.51,23.74,7.0,1,"ROE_5Y <= 10.035, 現金殖利率 >= 5.045, 毛利率_5Y >= 20.335"
3501,8.78,4.27,25.36,6.35,1,"ROE_5Y <= 10.035, 現金殖利率 >= 5.045, 毛利率_5Y >= 20.335"
6168,6.95,0.97,21.75,5.91,1,"ROE_5Y <= 10.035, 現金殖利率 >= 5.045, 毛利率_5Y >= 20.335"
1102,9.81,4.05,24.67,6.29,1,"ROE_5Y <= 10.035, 現金殖利率 >= 5.045, 毛利率_5Y >= 20.335"
2393,6.94,2.71,24.6,6.16,1,"ROE_5Y <= 10.035, 現金殖利率 >= 5.045, 毛利率_5Y >= 20.335"
2911,-5.97,-0.65,44.02,11.47,0,"ROE_5Y <= 10.035, 現金殖利率 >= 5.045, 毛利率_5Y >= 20.335"
5907,2.15,1.17,73.87,9.66,1,"ROE_5Y <= 10.035, 現金殖利率 >= 5.045, 毛利率_5Y >= 20.335"
2340,8.63,1.58,30.33,5.08,1,"ROE_5Y <= 10.035, 現金殖利率 >= 5.045, 毛利率_5Y >= 20.335"
3048,15.45,2.43,3.05,5.68,1,"ROE_5Y >= 10.035, 現金殖利率 >= 4.905, 毛利率_5Y <= 19.98"
8131,12.35,3.18,18.72,6.27,1,"ROE_5Y >= 10.035, 現金殖利率 >= 4.905, 毛利率_5Y <= 19.98"
2546,17.79,4.66,7.57,5.67,1,"ROE_5Y >= 10.035, 現金殖利率 >= 4.905, 毛利率_5Y <= 19.98"
8112,21.82,4.49,2.85,8.58,1,"ROE_5Y >= 10.035, 現金殖利率 >= 4.905, 毛利率_5Y <= 19.98"
2597,16.21,5.98,14.19,6.09,1,"ROE_5Y >= 10.035, 現金殖利率 >= 4.905, 毛利率_5Y <= 19.98"
4722,11.73,2.95,17.6,5.11,1,"ROE_5Y >= 10.035, 現金殖利率 >= 4.905, 毛利率_5Y <= 19.98"
6281,19.94,5.0,18.97,5.35,1,"ROE_5Y >= 10.035, 現金殖利率 >= 4.905, 毛利率_5Y <= 19.98"
8271,14.07,3.8,15.6,6.35,1,"ROE_5Y >= 10.035, 現金殖利率 >= 4.905, 毛利率_5Y <= 19.98"
3231,12.27,2.5,4.84,6.69,1,"ROE_5Y >= 10.035, 現金殖利率 >= 4.905, 毛利率_5Y <= 19.98"
1541,17.38,3.1,16.15,6.33,1,"ROE_5Y >= 10.035, 現金殖利率 >= 4.905, 毛利率_5Y <= 19.98"
5546,23.42,6.32,16.56,5.48,1,"ROE_5Y >= 10.035, 現金殖利率 >= 4.905, 毛利率_5Y <= 19.98"
2347,17.49,5.39,4.09,5.39,1,"ROE_5Y >= 10.035, 現金殖利率 >= 4.905, 毛利率_5Y <= 19.98"
1521,15.18,3.73,15.33,8.48,1,"ROE_5Y >= 10.035, 現金殖利率 >= 4.905, 毛利率_5Y <= 19.98"
2459,10.77,4.32,16.86,6.11,1,"ROE_5Y >= 10.035, 現金殖利率 >= 4.905, 毛利率_5Y <= 19.98"
8213,11.46,5.43,14.63,8.02,1,"ROE_5Y >= 10.035, 現金殖利率 >= 4.905, 毛利率_5Y <= 19.98"
2535,11.13,2.84,10.93,6.02,1,"ROE_5Y >= 10.035, 現金殖利率 >= 4.905, 毛利率_5Y <= 19.98"
2382,14.37,5.42,5.15,5.63,1,"ROE_5Y >= 10.035, 現金殖利率 >= 4.905, 毛利率_5Y <= 19.98"
2357,10.76,27.74,16.39,9.0,1,"ROE_5Y >= 10.035, 現金殖利率 >= 4.905, 毛利率_5Y <= 19.98"
1301,13.01,7.15,18.26,6.0,1,"ROE_5Y >= 10.035, 現金殖利率 >= 4.905, 毛利率_5Y <= 19.98"
6504,19.76,8.9,19.92,6.54,1,"ROE_5Y >= 10.035, 現金殖利率 >= 4.905, 毛利率_5Y <= 19.98"
6691,28.63,15.07,15.6,5.98,1,"ROE_5Y >= 10.035, 現金殖利率 >= 4.905, 毛利率_5Y <= 19.98"
1515,23.75,4.2,18.65,7.6,1,"ROE_5Y >= 10.035, 現金殖利率 >= 4.905, 毛利率_5Y <= 19.98"
2020,14.27,2.01,11.5,7.16,1,"ROE_5Y >= 10.035, 現金殖利率 >= 4.905, 毛利率_5Y <= 19.98"
2385,19.26,7.22,17.11,6.3,1,"ROE_5Y >= 10.035, 現金殖利率 >= 4.905, 毛利率_5Y <= 19.98"
2376,17.5,7.88,18.11,6.08,1,"ROE_5Y >= 10.035, 現金殖利率 >= 4.905, 毛利率_5Y <= 19.98"
3029,13.96,2.86,10.17,5.42,1,"ROE_5Y >= 10.035, 現金殖利率 >= 4.905, 毛利率_5Y <= 19.98"
2069,11.0,2.5,8.01,6.42,1,"ROE_5Y >= 10.035, 現金殖利率 >= 4.905, 毛利率_5Y <= 19.98"
6412,21.64,4.84,16.73,5.02,1,"ROE_5Y >= 10.035, 現金殖利率 >= 4.905, 毛利率_5Y <= 19.98"
2227,27.83,19.59,15.16,8.65,1,"ROE_5Y >= 10.035, 現金殖利率 >= 4.905, 毛利率_5Y <= 19.98"
3044,16.29,10.4,19.32,6.62,1,"ROE_5Y >= 10.035, 現金殖利率 >= 4.905, 毛利率_5Y <= 19.98"
1303,12.88,5.98,16.11,6.61,1,"ROE_5Y >= 10.035, 現金殖利率 >= 4.905, 毛利率_5Y <= 19.98"
2609,24.39,9.84,18.03,6.27,1,"ROE_5Y >= 10.035, 現金殖利率 >= 4.905, 毛利率_5Y <= 19.98"
3702,13.8,4.71,4.07,5.39,1,"ROE_5Y >= 10.035, 現金殖利率 >= 4.905, 毛利率_5Y <= 19.98"
3033,12.77,2.19,5.99,5.53,1,"ROE_5Y >= 10.035, 現金殖利率 >= 4.905, 毛利率_5Y <= 19.98"
2031,14.71,3.67,11.13,5.26,1,"ROE_5Y >= 10.035, 現金殖利率 >= 4.905, 毛利率_5Y <= 19.98"
6189,14.37,2.96,8.02,6.8,1,"ROE_5Y >= 10.035, 現金殖利率 >= 4.905, 毛利率_5Y <= 19.98"
6112,13.2,2.84,10.79,6.47,1,"ROE_5Y >= 10.035, 現金殖利率 >= 4.905, 毛利率_5Y <= 19.98"
2015,15.22,4.91,13.62,5.79,1,"ROE_5Y >= 10.035, 現金殖利率 >= 4.905, 毛利率_5Y <= 19.98"
1312,13.74,4.03,16.97,5.31,1,"ROE_5Y >= 10.035, 現金殖利率 >= 4.905, 毛利率_5Y <= 19.98"
2439,19.07,10.74,13.85,9.2,1,"ROE_5Y >= 10.035, 現金殖利率 >= 4.905, 毛利率_5Y <= 19.98"
9927,11.48,2.93,10.18,7.61,1,"ROE_5Y >= 10.035, 現金殖利率 >= 4.905, 毛利率_5Y <= 19.98"
3528,13.73,3.16,12.42,5.49,1,"ROE_5Y >= 10.035, 現金殖利率 >= 4.905, 毛利率_5Y <= 19.98"
3032,11.6,3.04,16.76,7.76,1,"ROE_5Y >= 10.035, 現金殖利率 >= 4.905, 毛利率_5Y <= 19.98"
6456,19.07,13.45,9.44,6.36,1,"ROE_5Y >= 10.035, 現金殖利率 >= 4.905, 毛利率_5Y <= 19.98"
3645,11.14,2.29,32.73,3.29,1,"ROE_5Y >= 10.035, 毛利率_5Y >= 19.98"
2496,12.49,5.46,47.5,8.46,1,"ROE_5Y >= 10.035, 毛利率_5Y >= 19.98"
2114,21.09,7.26,38.13,4.86,1,"ROE_5Y >= 10.035, 毛利率_5Y >= 19.98"
4755,13.06,4.65,20.74,2.23,1,"ROE_5Y >= 10.035, 毛利率_5Y >= 19.98"
1590,20.7,21.36,49.0,1.02,1,"ROE_5Y >= 10.035, 毛利率_5Y >= 19.98"
1323,14.85,3.1,24.13,4.73,1,"ROE_5Y >= 10.035, 毛利率_5Y >= 19.98"
2458,31.76,8.82,46.63,8.15,1,"ROE_5Y >= 10.035, 毛利率_5Y >= 19.98"
4536,14.47,8.16,30.88,2.92,1,"ROE_5Y >= 10.035, 毛利率_5Y >= 19.98"
6671,13.09,3.61,37.98,7.44,1,"ROE_5Y >= 10.035, 毛利率_5Y >= 19.98"
1229,10.09,2.66,20.74,3.05,1,"ROE_5Y >= 10.035, 毛利率_5Y >= 19.98"
1436,11.33,3.41,28.63,4.65,1,"ROE_5Y >= 10.035, 毛利率_5Y >= 19.98"
1762,12.28,3.53,40.69,1.83,1,"ROE_5Y >= 10.035, 毛利率_5Y >= 19.98"
6269,14.3,9.09,20.44,5.27,1,"ROE_5Y >= 10.035, 毛利率_5Y >= 19.98"
3583,14.02,4.45,36.77,2.8,1,"ROE_5Y >= 10.035, 毛利率_5Y >= 19.98"
6666,23.82,6.51,62.94,5.14,1,"ROE_5Y >= 10.035, 毛利率_5Y >= 19.98"
8114,16.93,6.1,34.67,2.96,1,"ROE_5Y >= 10.035, 毛利率_5Y >= 19.98"
3406,16.98,18.52,41.07,1.55,1,"ROE_5Y >= 10.035, 毛利率_5Y >= 19.98"
1216,19.92,4.14,33.73,4.75,1,"ROE_5Y >= 10.035, 毛利率_5Y >= 19.98"
1325,17.53,5.61,27.85,11.43,1,"ROE_5Y >= 10.035, 毛利率_5Y >= 19.98"
6582,28.1,12.43,36.78,11.64,1,"ROE_5Y >= 10.035, 毛利率_5Y >= 19.98"
3338,11.82,2.08,20.95,3.58,1,"ROE_5Y >= 10.035, 毛利率_5Y >= 19.98"
5306,23.76,10.43,43.51,2.26,1,"ROE_5Y >= 10.035, 毛利率_5Y >= 19.98"
3665,16.11,13.46,23.75,2.69,1,"ROE_5Y >= 10.035, 毛利率_5Y >= 19.98"
3705,10.85,2.62,45.26,4.93,1,"ROE_5Y >= 10.035, 毛利率_5Y >= 19.98"
1773,21.2,6.51,27.35,2.84,1,"ROE_5Y >= 10.035, 毛利率_5Y >= 19.98"
2707,33.93,10.4,31.2,4.36,1,"ROE_5Y >= 10.035, 毛利率_5Y >= 19.98"
2433,12.49,3.9,30.21,7.38,1,"ROE_5Y >= 10.035, 毛利率_5Y >= 19.98"
6230,14.7,6.78,20.01,2.84,1,"ROE_5Y >= 10.035, 毛利率_5Y >= 19.98"
2520,13.23,3.52,27.2,5.86,1,"ROE_5Y >= 10.035, 毛利率_5Y >= 19.98"
2059,14.48,15.7,52.96,1.76,1,"ROE_5Y >= 10.035, 毛利率_5Y >= 19.98"
8150,14.26,3.74,20.85,5.72,1,"ROE_5Y >= 10.035, 毛利率_5Y >= 19.98"
4148,10.05,3.0,26.79,2.34,1,"ROE_5Y >= 10.035, 毛利率_5Y >= 19.98"
2049,12.51,10.13,34.45,1.92,1,"ROE_5Y >= 10.035, 毛利率_5Y >= 19.98"
4137,26.61,13.99,83.16,6.68,1,"ROE_5Y >= 10.035, 毛利率_5Y >= 19.98"
6464,11.99,6.57,48.2,5.07,1,"ROE_5Y >= 10.035, 毛利率_5Y >= 19.98"
6183,14.55,2.12,40.72,2.55,1,"ROE_5Y >= 10.035, 毛利率_5Y >= 19.98"
3022,11.5,3.81,33.82,2.1,1,"ROE_5Y >= 10.035, 毛利率_5Y >= 19.98"
4968,22.95,5.55,33.42,1.81,1,"ROE_5Y >= 10.035, 毛利率_5Y >= 19.98"
3450,14.13,3.12,24.49,4.62,1,"ROE_5Y >= 10.035, 毛利率_5Y >= 19.98"
5007,14.77,3.16,22.8,4.94,1,"ROE_5Y >= 10.035, 毛利率_5Y >= 19.98"
6214,10.48,5.6,24.96,6.97,1,"ROE_5Y >= 10.035, 毛利率_5Y >= 19.98"
1101,11.0,3.69,26.64,5.87,1,"ROE_5Y >= 10.035, 毛利率_5Y >= 19.98"
9939,11.22,5.04,20.14,4.05,1,"ROE_5Y >= 10.035, 毛利率_5Y >= 19.98"
3653,11.97,6.08,28.25,1.17,1,"ROE_5Y >= 10.035, 毛利率_5Y >= 19.98"
1558,14.84,11.51,24.88,7.23,1,"ROE_5Y >= 10.035, 毛利率_5Y >= 19.98"
3130,19.94,9.14,89.83,4.66,1,"ROE_5Y >= 10.035, 毛利率_5Y >= 19.98"
2481,10.05,2.27,24.15,2.06,1,"ROE_5Y >= 10.035, 毛利率_5Y >= 19.98"
2337,22.32,3.82,35.49,3.97,1,"ROE_5Y >= 10.035, 毛利率_5Y >= 19.98"
4571,18.47,5.73,33.2,3.01,1,"ROE_5Y >= 10.035, 毛利率_5Y >= 19.98"
2614,16.47,1.68,28.14,3.86,1,"ROE_5Y >= 10.035, 毛利率_5Y >= 19.98"
2397,14.27,4.67,26.89,7.42,1,"ROE_5Y >= 10.035, 毛利率_5Y >= 19.98"
2454,12.96,28.02,41.38,4.48,1,"ROE_5Y >= 10.035, 毛利率_5Y >= 19.98"
6670,37.83,14.36,23.89,4.78,1,"ROE_5Y >= 10.035, 毛利率_5Y >= 19.98"
9926,12.46,2.14,24.86,3.29,1,"ROE_5Y >= 10.035, 毛利率_5Y >= 19.98"
3563,41.34,18.97,64.62,4.79,1,"ROE_5Y >= 10.035, 毛利率_5Y >= 19.98"
6754,13.78,3.61,23.16,5.12,1,"ROE_5Y >= 10.035, 毛利率_5Y >= 19.98"
2441,16.45,4.94,27.33,5.59,1,"ROE_5Y >= 10.035, 毛利率_5Y >= 19.98"
1702,15.7,4.03,33.25,5.07,1,"ROE_5Y >= 10.035, 毛利率_5Y >= 19.98"
3006,18.33,5.8,21.41,4.15,1,"ROE_5Y >= 10.035, 毛利率_5Y >= 19.98"
1231,16.23,3.31,21.73,2.16,1,"ROE_5Y >= 10.035, 毛利率_5Y >= 19.98"
6409,41.13,23.79,27.73,1.35,1,"ROE_5Y >= 10.035, 毛利率_5Y >= 19.98"
6706,25.21,8.2,34.72,4.05,1,"ROE_5Y >= 10.035, 毛利率_5Y >= 19.98"
1227,17.48,3.13,28.16,5.65,1,"ROE_5Y >= 10.035, 毛利率_5Y >= 19.98"
1560,14.61,4.47,30.69,2.12,1,"ROE_5Y >= 10.035, 毛利率_5Y >= 19.98"
4551,18.39,7.74,28.62,2.4,1,"ROE_5Y >= 10.035, 毛利率_5Y >= 19.98"
5222,19.77,3.06,50.71,1.18,1,"ROE_5Y >= 10.035, 毛利率_5Y >= 19.98"
2474,12.73,23.65,33.87,6.65,1,"ROE_5Y >= 10.035, 毛利率_5Y >= 19.98"
3005,16.25,4.5,27.55,6.65,1,"ROE_5Y >= 10.035, 毛利率_5Y >= 19.98"
6202,27.23,5.29,49.21,7.17,1,"ROE_5Y >= 10.035, 毛利率_5Y >= 19.98"
6438,17.58,5.54,28.33,4.17,1,"ROE_5Y >= 10.035, 毛利率_5Y >= 19.98"
3045,19.54,4.53,25.92,4.95,1,"ROE_5Y >= 10.035, 毛利率_5Y >= 19.98"
9911,18.73,3.94,35.17,4.7,1,"ROE_5Y >= 10.035, 毛利率_5Y >= 19.98"
6257,13.89,3.9,28.85,5.42,1,"ROE_5Y >= 10.035, 毛利率_5Y >= 19.98"
9910,32.01,6.72,23.65,2.74,1,"ROE_5Y >= 10.035, 毛利率_5Y >= 19.98"
1723,16.35,4.98,23.25,3.77,1,"ROE_5Y >= 10.035, 毛利率_5Y >= 19.98"
9940,17.08,2.67,30.47,6.13,1,"ROE_5Y >= 10.035, 毛利率_5Y >= 19.98"
1526,16.22,2.82,25.68,2.47,1,"ROE_5Y >= 10.035, 毛利率_5Y >= 19.98"
2539,13.68,1.92,29.76,1.95,1,"ROE_5Y >= 10.035, 毛利率_5Y >= 19.98"
8462,19.22,4.92,27.65,3.37,1,"ROE_5Y >= 10.035, 毛利率_5Y >= 19.98"
2308,14.87,8.62,28.26,1.94,1,"ROE_5Y >= 10.035, 毛利率_5Y >= 19.98"
5234,23.34,6.11,33.89,7.16,1,"ROE_5Y >= 10.035, 毛利率_5Y >= 19.98"
2327,33.2,37.27,42.28,5.55,1,"ROE_5Y >= 10.035, 毛利率_5Y >= 19.98"
1707,26.61,9.48,81.57,4.4,1,"ROE_5Y >= 10.035, 毛利率_5Y >= 19.98"
8464,32.4,14.91,50.86,3.64,1,"ROE_5Y >= 10.035, 毛利率_5Y >= 19.98"
4999,10.17,4.49,31.22,7.15,1,"ROE_5Y >= 10.035, 毛利率_5Y >= 19.98"
2420,15.79,3.24,37.65,6.38,1,"ROE_5Y >= 10.035, 毛利率_5Y >= 19.98"
6641,18.74,6.26,39.17,6.05,1,"ROE_5Y >= 10.035, 毛利率_5Y >= 19.98"
4190,18.87,5.92,74.73,4.44,1,"ROE_5Y >= 10.035, 毛利率_5Y >= 19.98"
1582,13.49,5.75,22.93,7.87,1,"ROE_5Y >= 10.035, 毛利率_5Y >= 19.98"
4764,12.14,3.59,20.97,3.64,1,"ROE_5Y >= 10.035, 毛利率_5Y >= 19.98"
5534,18.12,9.84,37.91,7.63,1,"ROE_5Y >= 10.035, 毛利率_5Y >= 19.98"
8081,19.36,11.13,36.82,6.12,1,"ROE_5Y >= 10.035, 毛利率_5Y >= 19.98"
5283,25.36,11.6,38.36,3.8,1,"ROE_5Y >= 10.035, 毛利率_5Y >= 19.98"
2505,13.8,2.08,28.14,2.97,1,"ROE_5Y >= 10.035, 毛利率_5Y >= 19.98"
1527,14.53,3.88,26.9,5.46,1,"ROE_5Y >= 10.035, 毛利率_5Y >= 19.98"
2108,28.01,5.98,33.14,7.85,1,"ROE_5Y >= 10.035, 毛利率_5Y >= 19.98"
2408,17.74,8.06,40.15,6.69,1,"ROE_5Y >= 10.035, 毛利率_5Y >= 19.98"
2548,14.37,8.59,29.98,6.96,1,"ROE_5Y >= 10.035, 毛利率_5Y >= 19.98"
6743,14.26,2.45,21.84,2.58,1,"ROE_5Y >= 10.035, 毛利率_5Y >= 19.98"
4572,11.07,4.43,41.66,3.26,1,"ROE_5Y >= 10.035, 毛利率_5Y >= 19.98"
8480,19.6,8.12,32.33,5.87,1,"ROE_5Y >= 10.035, 毛利率_5Y >= 19.98"
2451,10.31,4.74,24.01,7.58,1,"ROE_5Y >= 10.035, 毛利率_5Y >= 19.98"
4807,13.13,2.14,23.84,11.33,1,"ROE_5Y >= 10.035, 毛利率_5Y >= 19.98"
4552,10.68,5.1,21.43,7.45,1,"ROE_5Y >= 10.035, 毛利率_5Y >= 19.98"
4919,15.23,3.67,39.43,2.03,1,"ROE_5Y >= 10.035, 毛利率_5Y >= 19.98"
2231,19.07,6.75,46.26,2.95,1,"ROE_5Y >= 10.035, 毛利率_5Y >= 19.98"
5871,21.61,11.46,66.09,2.44,1,"ROE_5Y >= 10.035, 毛利率_5Y >= 19.98"
1720,11.69,2.62,44.32,3.67,1,"ROE_5Y >= 10.035, 毛利率_5Y >= 19.98"
6449,11.37,2.63,26.24,3.87,1,"ROE_5Y >= 10.035, 毛利率_5Y >= 19.98"
6414,12.11,13.7,22.36,3.14,1,"ROE_5Y >= 10.035, 毛利率_5Y >= 19.98"
1476,24.1,15.41,28.06,2.32,1,"ROE_5Y >= 10.035, 毛利率_5Y >= 19.98"
3533,18.48,21.46,36.27,1.44,1,"ROE_5Y >= 10.035, 毛利率_5Y >= 19.98"
6415,19.59,33.01,48.65,2.03,1,"ROE_5Y >= 10.035, 毛利率_5Y >= 19.98"
4912,18.64,7.95,21.31,1.77,1,"ROE_5Y >= 10.035, 毛利率_5Y >= 19.98"
6715,20.58,3.49,25.3,0.84,1,"ROE_5Y >= 10.035, 毛利率_5Y >= 19.98"
6224,16.79,4.82,46.22,6.6,1,"ROE_5Y >= 10.035, 毛利率_5Y >= 19.98"
3413,25.3,13.49,24.53,3.22,1,"ROE_5Y >= 10.035, 毛利率_5Y >= 19.98"
5471,19.23,4.06,42.11,6.43,1,"ROE_5Y >= 10.035, 毛利率_5Y >= 19.98"
1598,11.06,3.36,32.34,5.74,1,"ROE_5Y >= 10.035, 毛利率_5Y >= 19.98"
6592,14.49,5.11,63.98,3.16,1,"ROE_5Y >= 10.035, 毛利率_5Y >= 19.98"
3030,17.92,4.13,54.48,5.3,1,"ROE_5Y >= 10.035, 毛利率_5Y >= 19.98"
2492,28.7,17.93,36.4,8.32,1,"ROE_5Y >= 10.035, 毛利率_5Y >= 19.98"
5269,33.72,25.93,49.46,1.91,1,"ROE_5Y >= 10.035, 毛利率_5Y >= 19.98"
3040,17.21,4.41,60.89,13.33,1,"ROE_5Y >= 10.035, 毛利率_5Y >= 19.98"
9921,16.45,10.22,21.9,2.69,1,"ROE_5Y >= 10.035, 毛利率_5Y >= 19.98"
3092,14.6,3.24,23.93,6.62,1,"ROE_5Y >= 10.035, 毛利率_5Y >= 19.98"
2493,12.54,2.57,28.17,5.82,1,"ROE_5Y >= 10.035, 毛利率_5Y >= 19.98"
6655,13.76,4.09,53.2,3.62,1,"ROE_5Y >= 10.035, 毛利率_5Y >= 19.98"
2436,11.42,1.98,26.18,3.24,1,"ROE_5Y >= 10.035, 毛利率_5Y >= 19.98"
6277,24.11,8.64,59.09,4.11,1,"ROE_5Y >= 10.035, 毛利率_5Y >= 19.98"
2373,19.07,6.43,44.02,7.23,1,"ROE_5Y >= 10.035, 毛利率_5Y >= 19.98"
6192,14.9,6.61,31.21,4.89,1,"ROE_5Y >= 10.035, 毛利率_5Y >= 19.98"
2915,28.83,16.51,48.49,7.83,1,"ROE_5Y >= 10.035, 毛利率_5Y >= 19.98"
9945,17.81,7.47,22.38,2.65,1,"ROE_5Y >= 10.035, 毛利率_5Y >= 19.98"
6201,10.67,2.93,20.1,6.66,1,"ROE_5Y >= 10.035, 毛利率_5Y >= 19.98"
8404,11.55,1.9,36.63,2.92,1,"ROE_5Y >= 10.035, 毛利率_5Y >= 19.98"
3530,16.59,4.09,25.42,2.96,1,"ROE_5Y >= 10.035, 毛利率_5Y >= 19.98"
6525,20.71,5.92,31.56,5.29,1,"ROE_5Y >= 10.035, 毛利率_5Y >= 19.98"
2904,11.82,1.68,41.99,7.2,1,"ROE_5Y >= 10.035, 毛利率_5Y >= 19.98"
2477,14.55,2.75,21.4,6.41,1,"ROE_5Y >= 10.035, 毛利率_5Y >= 19.98"
2449,11.56,2.61,28.15,5.53,1,"ROE_5Y >= 10.035, 毛利率_5Y >= 19.98"
6531,15.8,4.89,25.81,1.62,1,"ROE_5Y >= 10.035, 毛利率_5Y >= 19.98"
2228,10.85,5.4,25.65,4.9,1,"ROE_5Y >= 10.035, 毛利率_5Y >= 19.98"
1730,18.9,4.62,44.15,5.75,1,"ROE_5Y >= 10.035, 毛利率_5Y >= 19.98"
9941,17.38,9.73,48.01,3.35,1,"ROE_5Y >= 10.035, 毛利率_5Y >= 19.98"
8104,17.64,4.31,21.27,4.64,1,"ROE_5Y >= 10.035, 毛利率_5Y >= 19.98"
2233,14.97,7.08,35.72,3.74,1,"ROE_5Y >= 10.035, 毛利率_5Y >= 19.98"
3532,11.96,4.96,27.69,2.22,1,"ROE_5Y >= 10.035, 毛利率_5Y >= 19.98"
5519,11.31,2.17,20.64,5.96,1,"ROE_5Y >= 10.035, 毛利率_5Y >= 19.98"
1817,13.58,3.13,32.32,5.75,1,"ROE_5Y >= 10.035, 毛利率_5Y >= 19.98"
6581,20.35,5.41,51.75,4.21,1,"ROE_5Y >= 10.035, 毛利率_5Y >= 19.98"
3014,18.03,5.19,51.95,7.14,1,"ROE_5Y >= 10.035, 毛利率_5Y >= 19.98"
8499,24.11,9.93,49.13,5.72,1,"ROE_5Y >= 10.035, 毛利率_5Y >= 19.98"
2912,33.5,13.63,33.89,4.3,1,"ROE_5Y >= 10.035, 毛利率_5Y >= 19.98"
1904,12.44,2.74,22.08,4.96,1,"ROE_5Y >= 10.035, 毛利率_5Y >= 19.98"
6756,23.7,5.31,50.18,1.79,1,"ROE_5Y >= 10.035, 毛利率_5Y >= 19.98"
2603,31.68,10.54,20.59,5.4,1,"ROE_5Y >= 10.035, 毛利率_5Y >= 19.98"
4977,15.54,5.12,24.32,3.42,1,"ROE_5Y >= 10.035, 毛利率_5Y >= 19.98"
9917,20.86,5.13,36.18,4.33,1,"ROE_5Y >= 10.035, 毛利率_5Y >= 19.98"
1537,22.77,10.74,22.37,6.6,1,"ROE_5Y >= 10.035, 毛利率_5Y >= 19.98"
2702,18.21,3.22,77.36,1.29,1,"ROE_5Y >= 10.035, 毛利率_5Y >= 19.98"
3703,5.06,1.51,12.96,3.09,-1,"ROE_5Y <= 10.035, 現金殖利率 <= 5.045"
1449,-7.07,-0.34,7.13,0.0,-1,"ROE_5Y <= 10.035, 現金殖利率 <= 5.045"
4540,9.1,2.45,25.19,3.22,0,"ROE_5Y <= 10.035, 現金殖利率 <= 5.045"
1617,8.87,1.08,13.25,4.33,-1,"ROE_5Y <= 10.035, 現金殖利率 <= 5.045"
2038,0.71,0.2,2.22,3.16,-1,"ROE_5Y <= 10.035, 現金殖利率 <= 5.045"
2514,9.03,1.97,32.1,1.6,0,"ROE_5Y <= 10.035, 現金殖利率 <= 5.045"
2910,4.15,0.55,65.7,1.89,0,"ROE_5Y <= 10.035, 現金殖利率 <= 5.045"
3432,5.34,1.18,34.76,1.7,0,"ROE_5Y <= 10.035, 現金殖利率 <= 5.045"
1522,7.37,1.56,21.12,3.69,0,"ROE_5Y <= 10.035, 現金殖利率 <= 5.045"
2613,2.6,0.64,11.68,2.14,-1,"ROE_5Y <= 10.035, 現金殖利率 <= 5.045"
1418,-60.82,-4.53,-113.93,0.0,-1,"ROE_5Y <= 10.035, 現金殖利率 <= 5.045"
2417,8.29,1.29,50.78,1.97,0,"ROE_5Y <= 10.035, 現金殖利率 <= 5.045"
2712,0.72,0.09,27.4,1.87,0,"ROE_5Y <= 10.035, 現金殖利率 <= 5.045"
1236,0.09,0.01,26.96,1.27,0,"ROE_5Y <= 10.035, 現金殖利率 <= 5.045"
2634,9.76,1.42,10.91,2.33,-1,"ROE_5Y <= 10.035, 現金殖利率 <= 5.045"
2704,2.34,0.63,32.86,1.8,0,"ROE_5Y <= 10.035, 現金殖利率 <= 5.045"
1410,7.1,1.18,37.42,2.86,0,"ROE_5Y <= 10.035, 現金殖利率 <= 5.045"
5258,2.78,0.15,27.1,1.2,0,"ROE_5Y <= 10.035, 現金殖利率 <= 5.045"
2329,2.23,0.35,7.67,1.29,-1,"ROE_5Y <= 10.035, 現金殖利率 <= 5.045"
3004,9.66,3.04,23.98,2.41,0,"ROE_5Y <= 10.035, 現金殖利率 <= 5.045"
3024,3.63,0.35,22.0,1.52,0,"ROE_5Y <= 10.035, 現金殖利率 <= 5.045"
2344,9.29,1.5,33.79,3.11,0,"ROE_5Y <= 10.035, 現金殖利率 <= 5.045"
2359,4.09,1.03,20.42,3.28,0,"ROE_5Y <= 10.035, 現金殖利率 <= 5.045"
2466,1.11,0.12,10.92,0.0,-1,"ROE_5Y <= 10.035, 現金殖利率 <= 5.045"
1217,2.25,0.27,31.77,0.62,0,"ROE_5Y <= 10.035, 現金殖利率 <= 5.045"
1795,7.58,2.59,46.1,0.35,0,"ROE_5Y <= 10.035, 現金殖利率 <= 5.045"
3308,-9.7,-0.87,4.96,0.99,-1,"ROE_5Y <= 10.035, 現金殖利率 <= 5.045"
3481,6.14,1.57,13.33,3.98,-1,"ROE_5Y <= 10.035, 現金殖利率 <= 5.045"
2062,2.65,0.89,12.86,1.11,-1,"ROE_5Y <= 10.035, 現金殖利率 <= 5.045"
2540,9.63,3.19,39.99,0.6,0,"ROE_5Y <= 10.035, 現金殖利率 <= 5.045"
3164,5.87,0.99,65.79,3.45,0,"ROE_5Y <= 10.035, 現金殖利率 <= 5.045"
3419,-0.73,-0.08,19.58,1.1,-1,"ROE_5Y <= 10.035, 現金殖利率 <= 5.045"
4133,2.86,0.57,45.38,1.14,0,"ROE_5Y <= 10.035, 現金殖利率 <= 5.045"
1725,7.25,1.32,4.71,4.01,-1,"ROE_5Y <= 10.035, 現金殖利率 <= 5.045"
1528,-0.13,-0.02,26.65,1.83,-1,"ROE_5Y <= 10.035, 現金殖利率 <= 5.045"
3055,-2.11,-0.56,17.86,2.05,-1,"ROE_5Y <= 10.035, 現金殖利率 <= 5.045"
6598,-47.61,-3.69,50.63,0.0,-1,"ROE_5Y <= 10.035, 現金殖利率 <= 5.045"
1516,6.87,0.8,3.94,1.6,-1,"ROE_5Y <= 10.035, 現金殖利率 <= 5.045"
1529,7.89,0.61,20.35,1.61,0,"ROE_5Y <= 10.035, 現金殖利率 <= 5.045"
3311,-3.42,-1.21,13.3,3.85,-1,"ROE_5Y <= 10.035, 現金殖利率 <= 5.045"
1473,-1.86,-0.33,12.8,1.71,-1,"ROE_5Y <= 10.035, 現金殖利率 <= 5.045"
1470,5.55,0.62,21.86,3.04,0,"ROE_5Y <= 10.035, 現金殖利率 <= 5.045"
2434,-31.59,-1.73,-28.21,0.0,-1,"ROE_5Y <= 10.035, 現金殖利率 <= 5.045"
4746,6.13,3.86,33.03,3.22,0,"ROE_5Y <= 10.035, 現金殖利率 <= 5.045"
1475,-14.64,-2.74,-16.81,0.0,-1,"ROE_5Y <= 10.035, 現金殖利率 <= 5.045"
2637,8.61,3.64,26.01,4.14,0,"ROE_5Y <= 10.035, 現金殖利率 <= 5.045"
1324,1.63,0.22,15.98,2.56,-1,"ROE_5Y <= 10.035, 現金殖利率 <= 5.045"
2426,9.28,1.3,19.3,4.53,-1,"ROE_5Y <= 10.035, 現金殖利率 <= 5.045"
1731,6.59,0.9,58.27,4.13,0,"ROE_5Y <= 10.035, 現金殖利率 <= 5.045"
3043,-36.34,-0.01,21.16,3.08,-1,"ROE_5Y <= 10.035, 現金殖利率 <= 5.045"
6605,6.39,5.2,25.74,2.33,0,"ROE_5Y <= 10.035, 現金殖利率 <= 5.045"
4576,6.49,1.52,34.6,0.53,0,"ROE_5Y <= 10.035, 現金殖利率 <= 5.045"
4545,1.1,0.24,20.74,1.72,0,"ROE_5Y <= 10.035, 現金殖利率 <= 5.045"
1220,5.92,0.74,13.71,4.44,-1,"ROE_5Y <= 10.035, 現金殖利率 <= 5.045"
1104,6.66,1.82,14.24,4.79,-1,"ROE_5Y <= 10.035, 現金殖利率 <= 5.045"
2601,3.63,0.62,66.18,3.29,0,"ROE_5Y <= 10.035, 現金殖利率 <= 5.045"
2314,-3.21,-0.28,15.39,0.2,-1,"ROE_5Y <= 10.035, 現金殖利率 <= 5.045"
2903,5.27,1.11,50.49,4.58,0,"ROE_5Y <= 10.035, 現金殖利率 <= 5.045"
8488,0.8,0.3,9.4,3.46,-1,"ROE_5Y <= 10.035, 現金殖利率 <= 5.045"
4976,-0.99,-0.14,7.98,1.67,-1,"ROE_5Y <= 10.035, 現金殖利率 <= 5.045"
8201,-2.78,-0.42,14.33,2.41,-1,"ROE_5Y <= 10.035, 現金殖利率 <= 5.045"
2419,7.26,0.86,20.77,3.05,0,"ROE_5Y <= 10.035, 現金殖利率 <= 5.045"
1213,-9.02,-0.89,4.96,0.0,-1,"ROE_5Y <= 10.035, 現金殖利率 <= 5.045"
1234,4.23,1.88,26.54,4.96,0,"ROE_5Y <= 10.035, 現金殖利率 <= 5.045"
2462,3.22,0.58,9.28,2.4,-1,"ROE_5Y <= 10.035, 現金殖利率 <= 5.045"
2440,5.76,0.5,7.42,1.0,-1,"ROE_5Y <= 10.035, 現金殖利率 <= 5.045"
9904,8.94,3.71,24.7,4.64,0,"ROE_5Y <= 10.035, 現金殖利率 <= 5.045"
3094,4.19,0.57,67.91,3.02,0,"ROE_5Y <= 10.035, 現金殖利率 <= 5.045"
2013,6.31,1.49,3.38,2.23,-1,"ROE_5Y <= 10.035, 現金殖利率 <= 5.045"
1474,5.07,0.81,12.63,4.0,-1,"ROE_5Y <= 10.035, 現金殖利率 <= 5.045"
3027,-0.13,-0.04,32.99,0.63,-1,"ROE_5Y <= 10.035, 現金殖利率 <= 5.045"
2727,6.3,3.7,45.77,3.67,0,"ROE_5Y <= 10.035, 現金殖利率 <= 5.045"
8105,-1.98,-0.33,9.72,0.89,-1,"ROE_5Y <= 10.035, 現金殖利率 <= 5.045"
2358,4.56,0.56,8.49,0.73,-1,"ROE_5Y <= 10.035, 現金殖利率 <= 5.045"
1805,-8.24,-0.61,14.47,0.83,-1,"ROE_5Y <= 10.035, 現金殖利率 <= 5.045"
2701,3.79,0.62,58.36,2.38,0,"ROE_5Y <= 10.035, 現金殖利率 <= 5.045"
1443,-28.77,-0.56,18.36,0.0,-1,"ROE_5Y <= 10.035, 現金殖利率 <= 5.045"
8467,6.11,1.75,28.68,2.62,0,"ROE_5Y <= 10.035, 現金殖利率 <= 5.045"
1810,5.93,0.8,25.21,2.1,0,"ROE_5Y <= 10.035, 現金殖利率 <= 5.045"
2342,1.96,0.33,18.34,0.61,-1,"ROE_5Y <= 10.035, 現金殖利率 <= 5.045"
3504,-1.04,-0.31,19.01,1.26,-1,"ROE_5Y <= 10.035, 現金殖利率 <= 5.045"
2201,-1.34,-1.21,20.43,2.01,-1,"ROE_5Y <= 10.035, 現金殖利率 <= 5.045"
1468,0.76,0.06,10.45,0.0,-1,"ROE_5Y <= 10.035, 現金殖利率 <= 5.045"
2364,-16.2,-0.13,25.9,0.21,-1,"ROE_5Y <= 10.035, 現金殖利率 <= 5.045"
2206,9.65,1.86,18.01,3.1,-1,"ROE_5Y <= 10.035, 現金殖利率 <= 5.045"
6573,-4.76,-0.48,11.54,1.63,-1,"ROE_5Y <= 10.035, 現金殖利率 <= 5.045"
3296,-0.38,-0.02,14.89,3.09,-1,"ROE_5Y <= 10.035, 現金殖利率 <= 5.045"
1531,2.28,0.47,18.67,3.38,-1,"ROE_5Y <= 10.035, 現金殖利率 <= 5.045"
2104,7.86,2.66,24.59,3.72,0,"ROE_5Y <= 10.035, 現金殖利率 <= 5.045"
4566,9.51,2.77,21.25,2.81,0,"ROE_5Y <= 10.035, 現金殖利率 <= 5.045"
3062,1.46,0.25,6.43,0.79,-1,"ROE_5Y <= 10.035, 現金殖利率 <= 5.045"
2409,7.62,1.84,12.02,4.15,-1,"ROE_5Y <= 10.035, 現金殖利率 <= 5.045"
6558,9.39,1.39,22.4,4.22,0,"ROE_5Y <= 10.035, 現金殖利率 <= 5.045"
1616,-0.69,-0.06,5.43,0.0,-1,"ROE_5Y <= 10.035, 現金殖利率 <= 5.045"
5525,7.29,1.43,29.61,3.76,0,"ROE_5Y <= 10.035, 現金殖利率 <= 5.045"
9946,9.56,1.85,33.03,3.83,0,"ROE_5Y <= 10.035, 現金殖利率 <= 5.045"
8072,-0.63,-0.28,15.1,1.42,-1,"ROE_5Y <= 10.035, 現金殖利率 <= 5.045"
6165,5.05,0.59,12.54,0.04,-1,"ROE_5Y <= 10.035, 現金殖利率 <= 5.045"
2460,-0.54,-0.09,11.5,3.49,-1,"ROE_5Y <= 10.035, 現金殖利率 <= 5.045"
2483,5.93,1.31,21.97,4.08,0,"ROE_5Y <= 10.035, 現金殖利率 <= 5.045"
3019,8.08,3.25,19.45,3.34,-1,"ROE_5Y <= 10.035, 現金殖利率 <= 5.045"
3605,5.93,2.3,21.67,2.28,0,"ROE_5Y <= 10.035, 現金殖利率 <= 5.045"
9958,8.58,2.61,16.63,1.81,-1,"ROE_5Y <= 10.035, 現金殖利率 <= 5.045"
9919,7.8,1.11,19.46,4.41,-1,"ROE_5Y <= 10.035, 現金殖利率 <= 5.045"
2328,8.46,1.75,9.52,2.66,-1,"ROE_5Y <= 10.035, 現金殖利率 <= 5.045"
2731,-1.4,0.19,13.34,4.24,-1,"ROE_5Y <= 10.035, 現金殖利率 <= 5.045"
3031,6.22,1.03,25.01,4.83,0,"ROE_5Y <= 10.035, 現金殖利率 <= 5.045"
1733,6.98,1.19,25.53,4.33,0,"ROE_5Y <= 10.035, 現金殖利率 <= 5.045"
1783,6.44,0.81,45.22,1.02,0,"ROE_5Y <= 10.035, 現金殖利率 <= 5.045"
2387,7.13,2.65,13.33,3.79,-1,"ROE_5Y <= 10.035, 現金殖利率 <= 5.045"
1419,6.16,1.82,25.76,3.8,0,"ROE_5Y <= 10.035, 現金殖利率 <= 5.045"
9907,5.31,0.68,10.77,2.78,-1,"ROE_5Y <= 10.035, 現金殖利率 <= 5.045"
6120,-2.87,-0.41,3.06,4.18,-1,"ROE_5Y <= 10.035, 現金殖利率 <= 5.045"
1402,5.81,1.95,19.83,4.62,-1,"ROE_5Y <= 10.035, 現金殖利率 <= 5.045"
1614,5.27,1.07,20.08,2.58,0,"ROE_5Y <= 10.035, 現金殖利率 <= 5.045"
8222,-0.81,-0.07,11.05,2.45,-1,"ROE_5Y <= 10.035, 現金殖利率 <= 5.045"
2413,-3.33,-0.43,15.14,0.86,-1,"ROE_5Y <= 10.035, 現金殖利率 <= 5.045"
6139,5.02,2.07,6.96,4.61,-1,"ROE_5Y <= 10.035, 現金殖利率 <= 5.045"
3518,-8.67,-2.01,18.44,4.23,-1,"ROE_5Y <= 10.035, 現金殖利率 <= 5.045"
1760,9.25,1.44,53.82,1.05,0,"ROE_5Y <= 10.035, 現金殖利率 <= 5.045"
2239,8.89,6.96,17.57,4.02,-1,"ROE_5Y <= 10.035, 現金殖利率 <= 5.045"
6243,-8.27,-0.47,24.89,3.05,-1,"ROE_5Y <= 10.035, 現金殖利率 <= 5.045"
4142,-9.63,-0.72,-1.54,0.26,-1,"ROE_5Y <= 10.035, 現金殖利率 <= 5.045"
6451,7.26,4.14,23.26,3.1,0,"ROE_5Y <= 10.035, 現金殖利率 <= 5.045"
1711,4.41,0.66,22.02,2.09,0,"ROE_5Y <= 10.035, 現金殖利率 <= 5.045"
2362,2.77,1.87,22.77,2.84,0,"ROE_5Y <= 10.035, 現金殖利率 <= 5.045"
2415,7.09,1.38,26.54,3.03,0,"ROE_5Y <= 10.035, 現金殖利率 <= 5.045"
3704,1.97,0.39,22.37,1.29,0,"ROE_5Y <= 10.035, 現金殖利率 <= 5.045"
1903,-4.4,-0.44,33.51,0.0,-1,"ROE_5Y <= 10.035, 現金殖利率 <= 5.045"
6153,2.65,0.67,12.86,0.81,-1,"ROE_5Y <= 10.035, 現金殖利率 <= 5.045"
1786,7.38,1.54,67.17,2.37,0,"ROE_5Y <= 10.035, 現金殖利率 <= 5.045"
5469,9.54,4.94,17.39,4.89,-1,"ROE_5Y <= 10.035, 現金殖利率 <= 5.045"
5225,4.51,1.22,10.41,3.09,-1,"ROE_5Y <= 10.035, 現金殖利率 <= 5.045"
4104,6.93,3.81,19.67,4.89,-1,"ROE_5Y <= 10.035, 現金殖利率 <= 5.045"
1337,-11.37,-3.06,-24.86,3.47,-1,"ROE_5Y <= 10.035, 現金殖利率 <= 5.045"
8046,6.79,3.72,9.75,1.26,-1,"ROE_5Y <= 10.035, 現金殖利率 <= 5.045"
1714,6.61,0.6,12.57,3.34,-1,"ROE_5Y <= 10.035, 現金殖利率 <= 5.045"
1735,3.83,0.55,15.87,3.09,-1,"ROE_5Y <= 10.035, 現金殖利率 <= 5.045"
3054,1.85,0.22,0.01,3.71,-1,"ROE_5Y <= 10.035, 現金殖利率 <= 5.045"
3058,-6.87,-0.81,11.54,2.8,-1,"ROE_5Y <= 10.035, 現金殖利率 <= 5.045"
6155,5.22,0.85,27.41,3.63,0,"ROE_5Y <= 10.035, 現金殖利率 <= 5.045"
3021,9.85,1.27,22.41,2.8,0,"ROE_5Y <= 10.035, 現金殖利率 <= 5.045"
3701,5.73,0.58,12.75,0.0,-1,"ROE_5Y <= 10.035, 現金殖利率 <= 5.045"
2101,4.76,0.64,18.67,1.24,-1,"ROE_5Y <= 10.035, 現金殖利率 <= 5.045"
2705,-26.89,-2.66,17.77,0.25,-1,"ROE_5Y <= 10.035, 現金殖利率 <= 5.045"
2105,5.89,1.47,22.8,3.61,0,"ROE_5Y <= 10.035, 現金殖利率 <= 5.045"
9906,3.5,0.41,25.25,0.27,0,"ROE_5Y <= 10.035, 現金殖利率 <= 5.045"
2486,-1.76,-0.26,11.62,3.46,-1,"ROE_5Y <= 10.035, 現金殖利率 <= 5.045"
9908,6.92,1.59,22.48,3.36,0,"ROE_5Y <= 10.035, 現金殖利率 <= 5.045"
6426,6.55,1.89,44.26,2.38,0,"ROE_5Y <= 10.035, 現金殖利率 <= 5.045"
1907,7.88,1.9,18.37,4.14,-1,"ROE_5Y <= 10.035, 現金殖利率 <= 5.045"
4739,8.86,3.57,11.39,1.89,-1,"ROE_5Y <= 10.035, 現金殖利率 <= 5.045"
1709,7.17,1.14,16.75,4.36,-1,"ROE_5Y <= 10.035, 現金殖利率 <= 5.045"
2102,-13.11,-2.1,2.03,0.61,-1,"ROE_5Y <= 10.035, 現金殖利率 <= 5.045"
4555,5.81,2.22,35.78,3.15,0,"ROE_5Y <= 10.035, 現金殖利率 <= 5.045"
2612,4.6,2.34,20.81,4.11,0,"ROE_5Y <= 10.035, 現金殖利率 <= 5.045"
2610,3.9,0.44,11.95,1.92,-1,"ROE_5Y <= 10.035, 現金殖利率 <= 5.045"
1535,6.63,1.64,6.39,3.35,-1,"ROE_5Y <= 10.035, 現金殖利率 <= 5.045"
1414,2.34,0.33,9.5,1.74,-1,"ROE_5Y <= 10.035, 現金殖利率 <= 5.045"
1708,6.85,1.79,26.22,2.1,0,"ROE_5Y <= 10.035, 現金殖利率 <= 5.045"
6405,2.07,0.65,18.65,3.74,-1,"ROE_5Y <= 10.035, 現金殖利率 <= 5.045"
5484,-12.9,-1.06,16.81,2.32,-1,"ROE_5Y <= 10.035, 現金殖利率 <= 5.045"
6288,5.36,0.7,19.59,2.28,-1,"ROE_5Y <= 10.035, 現金殖利率 <= 5.045"
2901,2.7,0.32,85.71,1.2,0,"ROE_5Y <= 10.035, 現金殖利率 <= 5.045"
3576,-19.85,-1.97,-6.51,4.56,-1,"ROE_5Y <= 10.035, 現金殖利率 <= 5.045"
5607,9.16,2.08,54.82,1.71,0,"ROE_5Y <= 10.035, 現金殖利率 <= 5.045"
4426,2.7,0.6,10.89,1.6,-1,"ROE_5Y <= 10.035, 現金殖利率 <= 5.045"
2605,2.43,0.52,21.12,2.38,0,"ROE_5Y <= 10.035, 現金殖利率 <= 5.045"
6133,-0.03,0.01,18.92,1.03,-1,"ROE_5Y <= 10.035, 現金殖利率 <= 5.045"
3437,-3.59,-0.72,9.77,4.64,-1,"ROE_5Y <= 10.035, 現金殖利率 <= 5.045"
1618,2.86,0.53,8.77,2.63,-1,"ROE_5Y <= 10.035, 現金殖利率 <= 5.045"
4935,10.02,5.22,17.74,4.58,0,"ROE_5Y <= 10.035, 現金殖利率 <= 5.045"
2453,7.1,1.34,22.78,4.45,0,"ROE_5Y <= 10.035, 現金殖利率 <= 5.045"
1539,8.88,1.68,10.71,3.01,-1,"ROE_5Y <= 10.035, 現金殖利率 <= 5.045"
8926,7.86,1.6,12.35,4.35,-1,"ROE_5Y <= 10.035, 現金殖利率 <= 5.045"
4306,4.41,0.88,14.0,4.24,-1,"ROE_5Y <= 10.035, 現金殖利率 <= 5.045"
2369,0.54,0.05,7.75,3.69,-1,"ROE_5Y <= 10.035, 現金殖利率 <= 5.045"
1538,-52.11,-2.39,13.51,0.0,-1,"ROE_5Y <= 10.035, 現金殖利率 <= 5.045"
1802,6.39,1.08,17.92,3.84,-1,"ROE_5Y <= 10.035, 現金殖利率 <= 5.045"
2706,4.03,0.71,73.7,2.04,0,"ROE_5Y <= 10.035, 現金殖利率 <= 5.045"
2241,0.65,0.03,20.48,0.91,0,"ROE_5Y <= 10.035, 現金殖利率 <= 5.045"
2606,8.2,2.38,17.09,4.92,-1,"ROE_5Y <= 10.035, 現金殖利率 <= 5.045"
6668,6.91,1.29,37.53,2.21,0,"ROE_5Y <= 10.035, 現金殖利率 <= 5.045"
2538,-1.26,-0.22,52.92,4.07,-1,"ROE_5Y <= 10.035, 現金殖利率 <= 5.045"
6116,9.53,1.33,24.71,4.57,0,"ROE_5Y <= 10.035, 現金殖利率 <= 5.045"
4906,5.52,1.45,10.39,4.04,-1,"ROE_5Y <= 10.035, 現金殖利率 <= 5.045"
8103,8.53,2.75,29.89,3.49,0,"ROE_5Y <= 10.035, 現金殖利率 <= 5.045"
8110,3.17,0.69,6.71,2.77,-1,"ROE_5Y <= 10.035, 現金殖利率 <= 5.045"
6225,-159.53,-0.1,-67.76,0.0,-1,"ROE_5Y <= 10.035, 現金殖利率 <= 5.045"
3051,3.54,0.66,21.35,0.0,0,"ROE_5Y <= 10.035, 現金殖利率 <= 5.045"
2332,2.48,0.27,28.43,1.61,0,"ROE_5Y <= 10.035, 現金殖利率 <= 5.045"
6215,8.05,1.2,26.2,3.31,0,"ROE_5Y <= 10.035, 現金殖利率 <= 5.045"
2722,2.75,0.48,41.52,0.91,0,"ROE_5Y <= 10.035, 現金殖利率 <= 5.045"
3037,9.12,3.28,14.18,1.03,-1,"ROE_5Y <= 10.035, 現金殖利率 <= 5.045"
4164,4.92,1.9,31.26,4.02,0,"ROE_5Y <= 10.035, 現金殖利率 <= 5.045"
5243,7.55,2.62,15.66,2.62,-1,"ROE_5Y <= 10.035, 現金殖利率 <= 5.045"
9928,-23.19,-0.98,-5.87,0.0,-1,"ROE_5Y <= 10.035, 現金殖利率 <= 5.045"
6289,-215.93,-0.51,-108.8,0.0,-1,"ROE_5Y <= 10.035, 現金殖利率 <= 5.045"
2109,1.21,-0.21,20.27,2.57,-1,"ROE_5Y <= 10.035, 現金殖利率 <= 5.045"
6117,-4.85,-0.5,16.15,2.69,-1,"ROE_5Y <= 10.035, 現金殖利率 <= 5.045"
5284,8.5,3.4,33.05,4.68,0,"ROE_5Y <= 10.035, 現金殖利率 <= 5.045"
4934,-30.28,-2.89,-8.41,1.39,-1,"ROE_5Y <= 10.035, 現金殖利率 <= 5.045"
2465,7.45,1.21,14.31,0.67,-1,"ROE_5Y <= 10.035, 現金殖利率 <= 5.045"
2317,9.97,8.35,6.06,3.63,-1,"ROE_5Y <= 10.035, 現金殖利率 <= 5.045"
4737,5.07,1.82,44.06,2.99,0,"ROE_5Y <= 10.035, 現金殖利率 <= 5.045"
6205,7.56,1.9,30.7,2.03,0,"ROE_5Y <= 10.035, 現金殖利率 <= 5.045"
3011,-4.24,-0.44,10.39,0.25,-1,"ROE_5Y <= 10.035, 現金殖利率 <= 5.045"
3047,2.28,-0.11,24.83,2.25,-1,"ROE_5Y <= 10.035, 現金殖利率 <= 5.045"
8021,6.26,1.93,29.74,4.83,0,"ROE_5Y <= 10.035, 現金殖利率 <= 5.045"
6442,2.5,0.75,17.44,2.46,-1,"ROE_5Y <= 10.035, 現金殖利率 <= 5.045"
9902,3.04,0.39,5.14,3.15,-1,"ROE_5Y <= 10.035, 現金殖利率 <= 5.045"
1465,7.99,0.43,9.22,4.23,-1,"ROE_5Y <= 10.035, 現金殖利率 <= 5.045"
3149,-7.51,-0.57,-0.35,3.27,-1,"ROE_5Y <= 10.035, 現金殖利率 <= 5.045"
1313,6.4,1.16,6.24,5.04,0,"ROE_5Y <= 10.035, 現金殖利率 <= 5.045"
3346,7.92,1.64,17.02,3.77,-1,"ROE_5Y <= 10.035, 現金殖利率 <= 5.045"
1734,-4.48,-0.01,37.54,0.55,-1,"ROE_5Y <= 10.035, 現金殖利率 <= 5.045"
4956,0.19,0.04,17.28,3.02,-1,"ROE_5Y <= 10.035, 現金殖利率 <= 5.045"
6209,-3.93,-0.85,5.26,3.1,-1,"ROE_5Y <= 10.035, 現金殖利率 <= 5.045"
3591,-1.75,-0.46,18.19,1.61,-1,"ROE_5Y <= 10.035, 現金殖利率 <= 5.045"
5531,0.78,0.09,32.3,0.0,0,"ROE_5Y <= 10.035, 現金殖利率 <= 5.045"
2913,-0.96,-0.17,38.11,2.36,-1,"ROE_5Y <= 10.035, 現金殖利率 <= 5.045"
3454,8.86,3.49,32.71,1.94,0,"ROE_5Y <= 10.035, 現金殖利率 <= 5.045"
6585,4.11,1.55,20.03,3.37,0,"ROE_5Y <= 10.035, 現金殖利率 <= 5.045"
2017,3.83,0.61,13.62,2.99,-1,"ROE_5Y <= 10.035, 現金殖利率 <= 5.045"
2516,-8.91,-0.92,-2.15,4.85,-1,"ROE_5Y <= 10.035, 現金殖利率 <= 5.045"
2530,-1.71,-0.22,48.64,3.79,-1,"ROE_5Y <= 10.035, 現金殖利率 <= 5.045"
2032,3.75,0.49,5.59,2.26,-1,"ROE_5Y <= 10.035, 現金殖利率 <= 5.045"
6191,8.48,2.62,15.28,2.87,-1,"ROE_5Y <= 10.035, 現金殖利率 <= 5.045"
1504,6.14,1.8,23.94,3.6,0,"ROE_5Y <= 10.035, 現金殖利率 <= 5.045"
3588,6.58,1.88,35.69,2.12,0,"ROE_5Y <= 10.035, 現金殖利率 <= 5.045"
2543,-0.29,-0.06,0.65,1.28,-1,"ROE_5Y <= 10.035, 現金殖利率 <= 5.045"
1339,6.77,3.27,28.15,4.64,0,"ROE_5Y <= 10.035, 現金殖利率 <= 5.045"
2009,3.31,0.42,2.85,2.97,-1,"ROE_5Y <= 10.035, 現金殖利率 <= 5.045"
2106,4.11,0.88,20.6,2.8,0,"ROE_5Y <= 10.035, 現金殖利率 <= 5.045"
2363,-2.25,-0.28,33.86,3.12,-1,"ROE_5Y <= 10.035, 現金殖利率 <= 5.045"
2515,3.98,0.55,7.97,2.94,-1,"ROE_5Y <= 10.035, 現金殖利率 <= 5.045"
1437,7.49,2.23,69.77,2.96,0,"ROE_5Y <= 10.035, 現金殖利率 <= 5.045"
1568,4.54,0.69,12.8,1.76,-1,"ROE_5Y <= 10.035, 現金殖利率 <= 5.045"
1219,4.47,0.79,8.7,2.79,-1,"ROE_5Y <= 10.035, 現金殖利率 <= 5.045"
1713,4.6,0.71,13.16,2.61,-1,"ROE_5Y <= 10.035, 現金殖利率 <= 5.045"
1321,3.18,0.9,6.71,0.94,-1,"ROE_5Y <= 10.035, 現金殖利率 <= 5.045"
1809,-0.81,-0.09,19.01,1.72,-1,"ROE_5Y <= 10.035, 現金殖利率 <= 5.045"
6431,-11.05,-1.07,-16.3,4.8,-1,"ROE_5Y <= 10.035, 現金殖利率 <= 5.045"
1413,7.79,0.56,4.13,0.0,-1,"ROE_5Y <= 10.035, 現金殖利率 <= 5.045"
2303,8.17,1.84,20.69,3.41,0,"ROE_5Y <= 10.035, 現金殖利率 <= 5.045"
2906,3.87,0.25,24.05,2.1,0,"ROE_5Y <= 10.035, 現金殖利率 <= 5.045"
2338,9.96,2.37,19.99,1.57,-1,"ROE_5Y <= 10.035, 現金殖利率 <= 5.045"
2010,4.74,0.81,6.73,4.02,-1,"ROE_5Y <= 10.035, 現金殖利率 <= 5.045"
1722,4.51,2.34,21.9,3.75,0,"ROE_5Y <= 10.035, 現金殖利率 <= 5.045"
3494,-24.66,-1.87,5.05,4.57,-1,"ROE_5Y <= 10.035, 現金殖利率 <= 5.045"
3016,5.37,0.76,11.54,0.76,-1,"ROE_5Y <= 10.035, 現金殖利率 <= 5.045"
6477,9.77,1.87,20.58,1.4,0,"ROE_5Y <= 10.035, 現金殖利率 <= 5.045"
1517,4.34,0.61,13.63,1.48,-1,"ROE_5Y <= 10.035, 現金殖利率 <= 5.045"
3536,-35.53,-1.17,6.74,0.0,-1,"ROE_5Y <= 10.035, 現金殖利率 <= 5.045"
2511,4.61,0.72,25.0,4.58,0,"ROE_5Y <= 10.035, 現金殖利率 <= 5.045"
1457,8.16,1.89,11.57,3.89,-1,"ROE_5Y <= 10.035, 現金殖利率 <= 5.045"
3050,4.88,0.74,34.66,3.28,0,"ROE_5Y <= 10.035, 現金殖利率 <= 5.045"
2618,6.23,0.87,13.21,1.06,-1,"ROE_5Y <= 10.035, 現金殖利率 <= 5.045"
1472,-29.36,-2.26,7.4,0.0,-1,"ROE_5Y <= 10.035, 現金殖利率 <= 5.045"
3535,1.4,0.17,25.06,2.5,0,"ROE_5Y <= 10.035, 現金殖利率 <= 5.045"
1218,9.53,1.22,17.74,2.52,-1,"ROE_5Y <= 10.035, 現金殖利率 <= 5.045"
2405,-0.13,-0.02,25.12,1.73,-1,"ROE_5Y <= 10.035, 現金殖利率 <= 5.045"
4108,-8.82,-0.87,51.72,0.0,-1,"ROE_5Y <= 10.035, 現金殖利率 <= 5.045"
2506,0.99,0.05,41.23,1.83,0,"ROE_5Y <= 10.035, 現金殖利率 <= 5.045"
8429,0.77,0.33,9.29,2.81,-1,"ROE_5Y <= 10.035, 現金殖利率 <= 5.045"
3025,4.35,0.5,48.73,2.44,0,"ROE_5Y <= 10.035, 現金殖利率 <= 5.045"
3046,-6.52,-0.95,24.68,0.19,-1,"ROE_5Y <= 10.035, 現金殖利率 <= 5.045"
3543,-0.32,-0.07,13.57,4.24,-1,"ROE_5Y <= 10.035, 現金殖利率 <= 5.045"
5906,8.42,1.02,57.25,1.72,0,"ROE_5Y <= 10.035, 現金殖利率 <= 5.045"
3052,4.47,0.66,5.43,4.93,-1,"ROE_5Y <= 10.035, 現金殖利率 <= 5.045"
1423,4.52,0.86,-16.51,4.56,-1,"ROE_5Y <= 10.035, 現金殖利率 <= 5.045"
6271,9.63,7.98,26.69,2.84,0,"ROE_5Y <= 10.035, 現金殖利率 <= 5.045"
2305,5.45,0.52,32.17,0.0,0,"ROE_5Y <= 10.035, 現金殖利率 <= 5.045"
1233,7.91,1.34,57.08,4.39,0,"ROE_5Y <= 10.035, 現金殖利率 <= 5.045"
2402,1.48,0.28,9.32,4.5,-1,"ROE_5Y <= 10.035, 現金殖利率 <= 5.045"
1721,4.47,0.48,7.34,1.66,-1,"ROE_5Y <= 10.035, 現金殖利率 <= 5.045"
2349,-10.62,-1.19,9.03,0.0,-1,"ROE_5Y <= 10.035, 現金殖利率 <= 5.045"
2504,9.62,1.5,11.24,3.47,-1,"ROE_5Y <= 10.035, 現金殖利率 <= 5.045"
2443,-32.98,-1.98,-9.78,0.0,-1,"ROE_5Y <= 10.035, 現金殖利率 <= 5.045"
1587,5.4,1.01,22.96,2.65,0,"ROE_5Y <= 10.035, 現金殖利率 <= 5.045"
4994,6.02,0.89,62.59,3.45,0,"ROE_5Y <= 10.035, 現金殖利率 <= 5.045"
1506,-16.45,-1.1,8.88,0.0,-1,"ROE_5Y <= 10.035, 現金殖利率 <= 5.045"
2484,7.05,1.4,21.48,3.1,0,"ROE_5Y <= 10.035, 現金殖利率 <= 5.045"
1467,-1.46,-0.16,20.02,3.39,-1,"ROE_5Y <= 10.035, 現金殖利率 <= 5.045"
2427,5.21,0.62,29.42,2.62,0,"ROE_5Y <= 10.035, 現金殖利率 <= 5.045"
2029,5.22,1.49,9.82,4.05,-1,"ROE_5Y <= 10.035, 現金殖利率 <= 5.045"
3002,2.31,0.33,26.51,2.63,0,"ROE_5Y <= 10.035, 現金殖利率 <= 5.045"
1446,-1.13,-0.13,19.03,0.82,-1,"ROE_5Y <= 10.035, 現金殖利率 <= 5.045"
1519,7.77,1.0,14.05,1.99,-1,"ROE_5Y <= 10.035, 現金殖利率 <= 5.045"
1514,8.45,1.24,16.51,2.15,-1,"ROE_5Y <= 10.035, 現金殖利率 <= 5.045"
3550,4.7,1.06,18.67,5.07,0,"ROE_5Y <= 10.035, 現金殖利率 >= 5.045, 毛利率_5Y <= 20.335"
1451,1.03,0.34,6.65,5.18,0,"ROE_5Y <= 10.035, 現金殖利率 >= 5.045, 毛利率_5Y <= 20.335"
1776,6.4,0.88,17.1,6.23,0,"ROE_5Y <= 10.035, 現金殖利率 >= 5.045, 毛利率_5Y <= 20.335"
6152,-8.4,-0.89,13.15,14.95,-1,"ROE_5Y <= 10.035, 現金殖利率 >= 5.045, 毛利率_5Y <= 20.335"
2498,-12.4,-5.66,16.53,26.23,-1,"ROE_5Y <= 10.035, 現金殖利率 >= 5.045, 毛利率_5Y <= 20.335"
2316,4.89,1.79,6.69,6.19,0,"ROE_5Y <= 10.035, 現金殖利率 >= 5.045, 毛利率_5Y <= 20.335"
3266,1.55,0.33,18.23,6.05,0,"ROE_5Y <= 10.035, 現金殖利率 >= 5.045, 毛利率_5Y <= 20.335"
2204,5.69,3.39,16.53,7.46,0,"ROE_5Y <= 10.035, 現金殖利率 >= 5.045, 毛利率_5Y <= 20.335"
1710,4.84,0.77,8.14,5.21,0,"ROE_5Y <= 10.035, 現金殖利率 >= 5.045, 毛利率_5Y <= 20.335"
1452,8.16,1.56,15.33,7.18,0,"ROE_5Y <= 10.035, 現金殖利率 >= 5.045, 毛利率_5Y <= 20.335"
2392,4.13,2.77,10.25,5.49,0,"ROE_5Y <= 10.035, 現金殖利率 >= 5.045, 毛利率_5Y <= 20.335"
2324,8.35,2.0,3.39,6.26,0,"ROE_5Y <= 10.035, 現金殖利率 >= 5.045, 毛利率_5Y <= 20.335"
1909,7.11,1.48,16.05,5.74,0,"ROE_5Y <= 10.035, 現金殖利率 >= 5.045, 毛利率_5Y <= 20.335"
1512,-71.55,-1.47,3.53,6.12,-1,"ROE_5Y <= 10.035, 現金殖利率 >= 5.045, 毛利率_5Y <= 20.335"
9905,7.27,1.75,14.13,5.3,0,"ROE_5Y <= 10.035, 現金殖利率 >= 5.045, 毛利率_5Y <= 20.335"
1530,8.65,2.36,18.49,5.42,0,"ROE_5Y <= 10.035, 現金殖利率 >= 5.045, 毛利率_5Y <= 20.335"
3060,-4.96,-1.04,7.67,9.5,-1,"ROE_5Y <= 10.035, 現金殖利率 >= 5.045, 毛利率_5Y <= 20.335"
1340,-1.69,-0.24,-13.0,9.4,-1,"ROE_5Y <= 10.035, 現金殖利率 >= 5.045, 毛利率_5Y <= 20.335"
3607,-13.63,-4.07,0.96,9.13,-1,"ROE_5Y <= 10.035, 現金殖利率 >= 5.045, 毛利率_5Y <= 20.335"
3673,2.97,2.57,4.42,6.18,0,"ROE_5Y <= 10.035, 現金殖利率 >= 5.045, 毛利率_5Y <= 20.335"
1314,5.13,1.21,9.95,6.8,0,"ROE_5Y <= 10.035, 現金殖利率 >= 5.045, 毛利率_5Y <= 20.335"
1626,0.68,0.19,16.38,5.23,0,"ROE_5Y <= 10.035, 現金殖利率 >= 5.045, 毛利率_5Y <= 20.335"
2929,-1.56,1.7,12.22,29.47,0,"ROE_5Y <= 10.035, 現金殖利率 >= 5.045, 毛利率_5Y <= 20.335"
2353,8.39,1.69,10.89,5.56,0,"ROE_5Y <= 10.035, 現金殖利率 >= 5.045, 毛利率_5Y <= 20.335"
2034,9.91,1.93,11.24,5.32,0,"ROE_5Y <= 10.035, 現金殖利率 >= 5.045, 毛利率_5Y <= 20.335"
2485,-1.14,-0.19,6.19,6.72,-1,"ROE_5Y <= 10.035, 現金殖利率 >= 5.045, 毛利率_5Y <= 20.335"
2356,9.33,1.83,4.61,6.55,0,"ROE_5Y <= 10.035, 現金殖利率 >= 5.045, 毛利率_5Y <= 20.335"
2489,6.82,1.22,9.76,11.48,0,"ROE_5Y <= 10.035, 現金殖利率 >= 5.045, 毛利率_5Y <= 20.335"
1108,1.71,0.21,8.77,5.47,0,"ROE_5Y <= 10.035, 現金殖利率 >= 5.045, 毛利率_5Y <= 20.335"
1608,6.86,1.1,5.16,6.14,0,"ROE_5Y <= 10.035, 現金殖利率 >= 5.045, 毛利率_5Y <= 20.335"
4930,4.45,0.66,15.68,10.23,0,"ROE_5Y <= 10.035, 現金殖利率 >= 5.045, 毛利率_5Y <= 20.335"
1439,6.67,1.68,1.5,6.72,0,"ROE_5Y <= 10.035, 現金殖利率 >= 5.045, 毛利率_5Y <= 20.335"
6108,7.14,1.68,13.95,8.54,0,"ROE_5Y <= 10.035, 現金殖利率 >= 5.045, 毛利率_5Y <= 20.335"
2537,1.44,0.2,19.87,8.6,0,"ROE_5Y <= 10.035, 現金殖利率 >= 5.045, 毛利率_5Y <= 20.335"
8249,5.71,1.54,13.49,6.06,0,"ROE_5Y <= 10.035, 現金殖利率 >= 5.045, 毛利率_5Y <= 20.335"
3015,3.94,2.06,11.95,5.43,0,"ROE_5Y <= 10.035, 現金殖利率 >= 5.045, 毛利率_5Y <= 20.335"
4532,8.43,1.62,13.37,5.3,0,"ROE_5Y <= 10.035, 現金殖利率 >= 5.045, 毛利率_5Y <= 20.335"
5706,11.23,2.0,19.6,2.0,0,"ROE_5Y >= 10.035, 現金殖利率 <= 4.905, 毛利率_5Y <= 19.98"
6278,14.39,6.5,11.19,3.22,0,"ROE_5Y >= 10.035, 現金殖利率 <= 4.905, 毛利率_5Y <= 19.98"
2247,10.21,12.79,11.81,4.59,0,"ROE_5Y >= 10.035, 現金殖利率 <= 4.905, 毛利率_5Y <= 19.98"
9937,15.09,2.44,11.49,4.2,0,"ROE_5Y >= 10.035, 現金殖利率 <= 4.905, 毛利率_5Y <= 19.98"
2301,11.79,3.78,15.46,3.67,0,"ROE_5Y >= 10.035, 現金殖利率 <= 4.905, 毛利率_5Y <= 19.98"
9930,15.71,3.19,15.57,4.03,0,"ROE_5Y >= 10.035, 現金殖利率 <= 4.905, 毛利率_5Y <= 19.98"
2351,11.94,3.56,17.99,2.02,0,"ROE_5Y >= 10.035, 現金殖利率 <= 4.905, 毛利率_5Y <= 19.98"
6416,15.27,4.72,19.95,3.21,0,"ROE_5Y >= 10.035, 現金殖利率 <= 4.905, 毛利率_5Y <= 19.98"
2352,13.25,2.66,13.25,4.79,0,"ROE_5Y >= 10.035, 現金殖利率 <= 4.905, 毛利率_5Y <= 19.98"
4967,12.35,1.8,7.04,3.58,0,"ROE_5Y >= 10.035, 現金殖利率 <= 4.905, 毛利率_5Y <= 19.98"
4915,14.84,4.6,12.2,4.07,0,"ROE_5Y >= 10.035, 現金殖利率 <= 4.905, 毛利率_5Y <= 19.98"
5285,13.56,3.47,17.24,3.89,0,"ROE_5Y >= 10.035, 現金殖利率 <= 4.905, 毛利率_5Y <= 19.98"
2313,15.24,3.29,16.66,2.53,0,"ROE_5Y >= 10.035, 現金殖利率 <= 4.905, 毛利率_5Y <= 19.98"
9931,10.13,1.91,18.19,2.9,0,"ROE_5Y >= 10.035, 現金殖利率 <= 4.905, 毛利率_5Y <= 19.98"
1225,10.42,1.53,9.28,2.57,0,"ROE_5Y >= 10.035, 現金殖利率 <= 4.905, 毛利率_5Y <= 19.98"
6285,10.64,4.33,11.87,3.44,0,"ROE_5Y >= 10.035, 現金殖利率 <= 4.905, 毛利率_5Y <= 19.98"
1315,13.36,7.55,16.17,4.41,0,"ROE_5Y >= 10.035, 現金殖利率 <= 4.905, 毛利率_5Y <= 19.98"
5288,19.29,8.55,18.21,2.78,0,"ROE_5Y >= 10.035, 現金殖利率 <= 4.905, 毛利率_5Y <= 19.98"
1210,12.03,3.05,13.62,4.11,0,"ROE_5Y >= 10.035, 現金殖利率 <= 4.905, 毛利率_5Y <= 19.98"
6141,13.18,2.14,17.38,2.18,0,"ROE_5Y >= 10.035, 現金殖利率 <= 4.905, 毛利率_5Y <= 19.98"
6669,48.52,36.97,6.81,2.62,0,"ROE_5Y >= 10.035, 現金殖利率 <= 4.905, 毛利率_5Y <= 19.98"
1808,17.52,3.44,19.95,4.49,0,"ROE_5Y >= 10.035, 現金殖利率 <= 4.905, 毛利率_5Y <= 19.98"
1615,14.56,2.24,13.05,4.24,0,"ROE_5Y >= 10.035, 現金殖利率 <= 4.905, 毛利率_5Y <= 19.98"
2006,10.32,2.73,12.22,4.41,0,"ROE_5Y >= 10.035, 現金殖利率 <= 4.905, 毛利率_5Y <= 19.98"
2012,11.96,1.56,16.37,3.95,0,"ROE_5Y >= 10.035, 現金殖利率 <= 4.905, 毛利率_5Y <= 19.98"
6282,10.91,1.83,15.41,3.6,0,"ROE_5Y >= 10.035, 現金殖利率 <= 4.905, 毛利率_5Y <= 19.98"
9914,18.33,9.13,13.3,2.4,0,"ROE_5Y >= 10.035, 現金殖利率 <= 4.905, 毛利率_5Y <= 19.98"
6552,11.43,2.59,18.75,4.14,0,"ROE_5Y >= 10.035, 現金殖利率 <= 4.905, 毛利率_5Y <= 19.98"
9935,13.16,1.36,18.58,2.56,0,"ROE_5Y >= 10.035, 現金殖利率 <= 4.905, 毛利率_5Y <= 19.98"
8215,11.47,1.54,15.84,2.74,0,"ROE_5Y >= 10.035, 現金殖利率 <= 4.905, 毛利率_5Y <= 19.98"
3596,11.5,6.33,13.57,4.11,0,"ROE_5Y >= 10.035, 現金殖利率 <= 4.905, 毛利率_5Y <= 19.98"
8454,27.85,12.25,10.09,1.42,0,"ROE_5Y >= 10.035, 現金殖利率 <= 4.905, 毛利率_5Y <= 19.98"
4439,23.37,12.12,17.48,3.39,0,"ROE_5Y >= 10.035, 現金殖利率 <= 4.905, 毛利率_5Y <= 19.98"
6196,14.98,5.01,11.28,2.68,0,"ROE_5Y >= 10.035, 現金殖利率 <= 4.905, 毛利率_5Y <= 19.98"
1309,18.21,2.76,11.11,4.24,0,"ROE_5Y >= 10.035, 現金殖利率 <= 4.905, 毛利率_5Y <= 19.98"
3010,14.31,7.62,8.27,4.62,0,"ROE_5Y >= 10.035, 現金殖利率 <= 4.905, 毛利率_5Y <= 19.98"
2345,33.7,7.29,19.57,1.98,0,"ROE_5Y >= 10.035, 現金殖利率 <= 4.905, 毛利率_5Y <= 19.98"
4927,12.9,4.81,17.59,4.59,0,"ROE_5Y >= 10.035, 現金殖利率 <= 4.905, 毛利率_5Y <= 19.98"
5434,18.27,9.44,12.13,3.99,0,"ROE_5Y >= 10.035, 現金殖利率 <= 4.905, 毛利率_5Y <= 19.98"
1232,25.42,6.54,11.65,3.45,0,"ROE_5Y >= 10.035, 現金殖利率 <= 4.905, 毛利率_5Y <= 19.98"
9802,13.25,6.0,19.3,1.4,0,"ROE_5Y >= 10.035, 現金殖利率 <= 4.905, 毛利率_5Y <= 19.98"
