代碼,股票,ROE_5Y,EPS_5Y,毛利率_5Y,現金殖利率
3530,晶相光,16.59,4.09,25.42,2.96
4989,榮科,14.63,2.07,13.88,5.57
4722,國精化,11.73,2.95,17.6,5.11
3312,弘憶股,9.12,1.04,4.92,3.42
3406,玉晶光,16.98,18.52,41.07,1.55
4961,天鈺,18.68,8.67,25.47,3.86
3149,正達,-7.51,-0.57,-0.35,3.27
3138,耀登,12.01,2.49,42.62,1.01
2434,統懋,-31.59,-1.73,-28.21,0.0
1709,和益,7.17,1.14,16.75,4.36
1460,宏遠,-3.22,-0.26,16.04,4.94
9942,茂順,15.49,5.53,34.21,4.38
2915,潤泰全,28.83,16.51,48.49,7.83
4919,新唐,15.23,3.67,39.43,2.03
2371,大同,-17.63,-0.47,12.53,0.0
6225,天瀚,-159.53,-0.1,-67.76,0.0
4572,駐龍,11.07,4.43,41.66,3.26
2038,海光,0.71,0.2,2.22,3.16
3090,日電貿,20.5,4.67,19.47,7.78
2471,資通,10.11,1.62,38.65,5.34
2945,三商家購,15.59,2.64,24.63,3.85
5269,祥碩,33.72,25.93,49.46,1.91
2455,全新,18.85,2.92,39.49,4.12
6598,ABC-KY,-47.61,-3.69,50.63,0.0
6216,居易,10.86,1.92,49.86,6.23
2498,宏達電,-12.4,-5.66,16.53,26.23
2912,統一超,33.5,13.63,33.89,4.3
4190,佐登-KY,18.87,5.92,74.73,4.44
6117,迎廣,-4.85,-0.5,16.15,2.69
3504,揚明光,-1.04,-0.31,19.01,1.26
2387,精元,7.13,2.65,13.33,3.79
2328,廣宇,8.46,1.75,9.52,2.66
8222,寶一,-0.81,-0.07,11.05,2.45
1305,華夏,16.66,2.7,19.82,6.72
6213,聯茂,22.38,7.06,17.42,6.56
3092,鴻碩,14.6,3.24,23.93,6.62
6257,矽格,13.89,3.9,28.85,5.42
1455,集盛,2.9,0.38,4.09,3.88
1528,恩德,-0.13,-0.02,26.65,1.83
2390,云辰,6.63,1.06,17.01,2.46
3013,晟銘電,3.89,0.48,8.94,2.14
1456,怡華,8.39,1.28,19.49,1.81
2377,微星,24.44,9.81,14.88,5.18
2443,昶虹,-32.98,-1.98,-9.78,0.0
2464,盟立,15.79,3.17,18.95,5.82
1476,儒鴻,24.1,15.41,28.06,2.32
2539,櫻花建,13.68,1.92,29.76,1.95
1540,喬福,3.83,0.64,22.37,5.1
1256,鮮活果汁-KY,26.53,16.9,37.24,3.62
3702,大聯大,13.8,4.71,4.07,5.39
9955,佳龍,-6.44,-1.1,0.55,3.75
1702,南僑,15.7,4.03,33.25,5.07
6625,必應,-1.56,-0.28,12.81,1.51
2702,華園,18.21,3.22,77.36,1.29
1102,亞泥,9.81,4.05,24.67,6.29
3532,台勝科,11.96,4.96,27.69,2.22
1467,南緯,-1.46,-0.16,20.02,3.39
6224,聚鼎,16.79,4.82,46.22,6.6
2323,中環,-0.23,0.01,13.57,2.59
3033,威健,12.77,2.19,5.99,5.53
8039,台虹,9.69,3.4,21.95,6.07
6189,豐藝,14.37,2.96,8.02,6.8
3311,閎暉,-3.42,-1.21,13.3,3.85
2642,宅配通,8.5,1.67,16.43,2.58
8213,志超,11.46,5.43,14.63,8.02
1218,泰山,9.53,1.22,17.74,2.52
3705,永信,10.85,2.62,45.26,4.93
4766,南寶,10.16,8.39,25.82,4.07
1321,大洋,3.18,0.9,6.71,0.94
4426,利勤,2.7,0.6,10.89,1.6
3055,蔚華科,-2.11,-0.56,17.86,2.05
6592,和潤企業,14.49,5.11,63.98,3.16
2615,萬海,31.73,10.14,21.93,3.62
2380,虹光,-20.98,-1.88,21.49,1.25
3011,今皓,-4.24,-0.44,10.39,0.25
2440,太空梭,5.76,0.5,7.42,1.0
9940,信義,17.08,2.67,30.47,6.13
2329,華泰,2.23,0.35,7.67,1.29
1438,三地開發,1.37,0.15,-95.74,0.0
2342,茂矽,1.96,0.33,18.34,0.61
6112,邁達特,13.2,2.84,10.79,6.47
6168,宏齊,6.95,0.97,21.75,5.91
1418,東華,-60.82,-4.53,-113.93,0.0
2376,技嘉,17.5,7.88,18.11,6.08
1503,士電,6.69,2.97,18.56,2.51
8210,勤誠,21.35,6.11,25.76,4.85
2851,中再保,11.59,2.44,12.88,5.63
3593,力銘,-10.66,-0.79,9.22,5.28
9934,成霖,6.7,1.09,27.21,7.84
6405,悅城,2.07,0.65,18.65,3.74
2397,友通,14.27,4.67,26.89,7.42
2007,燁興,-4.56,-0.48,1.87,0.36
1229,聯華,10.09,2.66,20.74,3.05
3536,誠創,-35.53,-1.17,6.74,0.0
3231,緯創,12.27,2.5,4.84,6.69
3592,瑞鼎,24.34,20.67,27.89,6.28
1457,宜進,8.16,1.89,11.57,3.89
2032,新鋼,3.75,0.49,5.59,2.26
1413,宏洲,7.79,0.56,4.13,0.0
6754,匯僑設計,13.78,3.61,23.16,5.12
1531,高林股,2.28,0.47,18.67,3.38
6128,上福,10.24,2.43,37.56,5.4
1512,瑞利,-71.55,-1.47,3.53,6.12
9919,康那香,7.8,1.11,19.46,4.41
2441,超豐,16.45,4.94,27.33,5.59
1590,亞德客-KY,20.7,21.36,49.0,1.02
2233,宇隆,14.97,7.08,35.72,3.74
8112,至上,21.82,4.49,2.85,8.58
2913,農林,-0.96,-0.17,38.11,2.36
2477,美隆電,14.55,2.75,21.4,6.41
4536,拓凱,14.47,8.16,30.88,2.92
5007,三星,14.77,3.16,22.8,4.94
1301,台塑,13.01,7.15,18.26,6.0
3653,健策,11.97,6.08,28.25,1.17
1449,佳和,-7.07,-0.34,7.13,0.0
1213,大飲,-9.02,-0.89,4.96,0.0
8499,鼎炫-KY,24.11,9.93,49.13,5.72
6756,威鋒電子,23.7,5.31,50.18,1.79
2528,皇普,-2.7,-0.24,25.89,0.99
1526,日馳,16.22,2.82,25.68,2.47
1220,台榮,5.92,0.74,13.71,4.44
2408,南亞科,17.74,8.06,40.15,6.69
2206,三陽工業,9.65,1.86,18.01,3.1
1904,正隆,12.44,2.74,22.08,4.96
8072,陞泰,-0.63,-0.28,15.1,1.42
3622,洋華,3.27,0.94,16.44,2.73
2707,晶華,33.93,10.4,31.2,4.36
3501,維熹,8.78,4.27,25.36,6.35
3665,貿聯-KY,16.11,13.46,23.75,2.69
4148,全宇生技-KY,10.05,3.0,26.79,2.34
1582,信錦,13.49,5.75,22.93,7.87
6582,申豐,28.1,12.43,36.78,11.64
2904,匯僑,11.82,1.68,41.99,7.2
1805,寶徠,-8.24,-0.61,14.47,0.83
6206,飛捷,15.15,4.94,32.33,5.62
6525,捷敏-KY,20.71,5.92,31.56,5.29
5222,全訊,19.77,3.06,50.71,1.18
8443,阿瘦,-8.5,-1.63,53.68,2.29
2496,卓越,12.49,5.46,47.5,8.46
8466,美吉吉-KY,12.05,4.71,23.44,7.65
2474,可成,12.73,23.65,33.87,6.65
2308,台達電,14.87,8.62,28.26,1.94
3338,泰碩,11.82,2.08,20.95,3.58
2015,豐興,15.22,4.91,13.62,5.79
8163,達方,11.05,3.61,17.98,6.49
2547,日勝生,6.74,0.83,33.97,6.44
1612,宏泰,12.62,2.37,9.3,6.73
5306,桂盟,23.76,10.43,43.51,2.26
4581,光隆精密-KY,14.05,3.23,26.99,4.13
5225,東科-KY,4.51,1.22,10.41,3.09
3443,創意,21.9,7.14,30.69,0.96
1604,聲寶,14.42,2.71,18.22,6.01
6197,佳必琪,9.4,2.32,22.62,6.5
9917,中保科,20.86,5.13,36.18,4.33
2399,映泰,4.17,0.41,12.95,4.98
1568,倉佑,4.54,0.69,12.8,1.76
6412,群電,21.64,4.84,16.73,5.02
2430,燦坤,6.91,2.01,15.5,3.58
3308,聯德,-9.7,-0.87,4.96,0.99
1453,大將,6.38,0.84,-3.3,0.0
9939,宏全,11.22,5.04,20.14,4.05
6120,達運,-2.87,-0.41,3.06,4.18
2467,志聖,19.63,3.16,33.01,5.07
3645,達邁,11.14,2.29,32.73,3.29
1720,生達,11.69,2.62,44.32,3.67
2413,環科,-3.33,-0.43,15.14,0.86
3533,嘉澤,18.48,21.46,36.27,1.44
1101,台泥,11.0,3.69,26.64,5.87
2406,國碩,-16.37,-2.67,6.73,2.41
1519,華城,7.77,1.0,14.05,1.99
2433,互盛電,12.49,3.9,30.21,7.38
1707,葡萄王,26.61,9.48,81.57,4.4
4104,佳醫,6.93,3.81,19.67,4.89
1721,三晃,4.47,0.48,7.34,1.66
2465,麗臺,7.45,1.21,14.31,0.67
8104,錸寶,17.64,4.31,21.27,4.64
3006,晶豪科,18.33,5.8,21.41,4.15
3022,威強電,11.5,3.81,33.82,2.1
4551,智伸科,18.39,7.74,28.62,2.4
3686,達能,-29.97,-2.1,-49.39,1.52
2364,倫飛,-16.2,-0.13,25.9,0.21
2349,錸德,-10.62,-1.19,9.03,0.0
6209,今國光,-3.93,-0.85,5.26,3.1
6153,嘉聯益,2.65,0.67,12.86,0.81
1337,再生-KY,-11.37,-3.06,-24.86,3.47
2515,中工,3.98,0.55,7.97,2.94
